Datetime,Water Level (m)
2025-02-23 12:00:00,-0.48338863
2025-02-23 13:00:00,-0.25625616
2025-02-23 14:00:00,-0.025396379
2025-02-23 15:00:00,0.16803677
2025-02-23 16:00:00,0.2665864
2025-02-23 17:00:00,0.19865319
2025-02-23 18:00:00,0.03512404
2025-02-23 19:00:00,-0.15739712
2025-02-23 20:00:00,-0.35331783
2025-02-23 21:00:00,-0.5375021
2025-02-23 22:00:00,-0.6968667
2025-02-23 23:00:00,-0.793627
2025-02-24 00:00:00,-0.7334526
2025-02-24 01:00:00,-0.5730783
2025-02-24 02:00:00,-0.37899467
2025-02-24 03:00:00,-0.19790114
2025-02-24 04:00:00,-0.08847106
2025-02-24 05:00:00,-0.12636091
2025-02-24 06:00:00,-0.26800352
2025-02-24 07:00:00,-0.43781888
2025-02-24 08:00:00,-0.6157678
2025-02-24 09:00:00,-0.785929
2025-02-24 10:00:00,-0.92987025
2025-02-24 11:00:00,-0.980661
2025-02-24 12:00:00,-0.82030755
2025-02-24 13:00:00,-0.60051733
2025-02-24 14:00:00,-0.3078651
2025-02-24 15:00:00,-0.0026548356
2025-02-24 16:00:00,0.26546207
2025-02-24 17:00:00,0.40529373
2025-02-24 18:00:00,0.31478322
2025-02-24 19:00:00,0.112231806
2025-02-24 20:00:00,-0.12303809
2025-02-24 21:00:00,-0.354752
2025-02-24 22:00:00,-0.57534266
2025-02-24 23:00:00,-0.77251834
2025-02-25 00:00:00,-0.9025631
2025-02-25 01:00:00,-0.81136614
2025-02-25 02:00:00,-0.60692
2025-02-25 03:00:00,-0.34594712
2025-02-25 04:00:00,-0.084403805
2025-02-25 05:00:00,0.0965755
2025-02-25 06:00:00,0.07610226
2025-02-25 07:00:00,-0.107359625
2025-02-25 08:00:00,-0.31577256
2025-02-25 09:00:00,-0.5360358
2025-02-25 10:00:00,-0.7490609
2025-02-25 11:00:00,-0.92565525
2025-02-25 12:00:00,-1.0239711
2025-02-25 13:00:00,-0.8365527
2025-02-25 14:00:00,-0.5889278
2025-02-25 15:00:00,-0.24755906
2025-02-25 16:00:00,0.10111008
2025-02-25 17:00:00,0.42353567
2025-02-25 18:00:00,0.5476614
2025-02-25 19:00:00,0.39131775
2025-02-25 20:00:00,0.16390283
2025-02-25 21:00:00,-0.106409006
2025-02-25 22:00:00,-0.3707021
2025-02-25 23:00:00,-0.6208754
2025-02-26 00:00:00,-0.8453456
2025-02-26 01:00:00,-0.98791444
2025-02-26 02:00:00,-0.820485
2025-02-26 03:00:00,-0.57239616
2025-02-26 04:00:00,-0.24542436
2025-02-26 05:00:00,0.05917898
2025-02-26 06:00:00,0.2767945
2025-02-26 07:00:00,0.20795807
2025-02-26 08:00:00,-0.011457965
2025-02-26 09:00:00,-0.25732833
2025-02-26 10:00:00,-0.507026
2025-02-26 11:00:00,-0.7471654
2025-02-26 12:00:00,-0.94448453
2025-02-26 13:00:00,-1.0454922
2025-02-26 14:00:00,-0.81584775
2025-02-26 15:00:00,-0.5232948
2025-02-26 16:00:00,-0.11974996
2025-02-26 17:00:00,0.2972267
2025-02-26 18:00:00,0.6023109
2025-02-26 19:00:00,0.6800095
2025-02-26 20:00:00,0.46030638
2025-02-26 21:00:00,0.19327444
2025-02-26 22:00:00,-0.10678904
2025-02-26 23:00:00,-0.3919683
2025-02-27 00:00:00,-0.66218483
2025-02-27 01:00:00,-0.8926527
2025-02-27 02:00:00,-0.98077434
2025-02-27 03:00:00,-0.72524965
2025-02-27 04:00:00,-0.41853273
2025-02-27 05:00:00,-0.026911218
2025-02-27 06:00:00,0.31901038
2025-02-27 07:00:00,0.46902502
2025-02-27 08:00:00,0.31691217
2025-02-27 09:00:00,0.06800828
2025-02-27 10:00:00,-0.19946842
2025-02-27 11:00:00,-0.4687222
2025-02-27 12:00:00,-0.7247115
2025-02-27 13:00:00,-0.9437461
2025-02-27 14:00:00,-0.9933904
2025-02-27 15:00:00,-0.71654767
2025-02-27 16:00:00,-0.36956468
2025-02-27 17:00:00,0.05424122
2025-02-27 18:00:00,0.5158429
2025-02-27 19:00:00,0.7924483
2025-02-27 20:00:00,0.7300968
2025-02-27 21:00:00,0.46971762
2025-02-27 22:00:00,0.16573861
2025-02-27 23:00:00,-0.14754963
2025-02-28 00:00:00,-0.44431365
2025-02-28 01:00:00,-0.72102356
2025-02-28 02:00:00,-0.9416222
2025-02-28 03:00:00,-0.89072394
2025-02-28 04:00:00,-0.59406793
2025-02-28 05:00:00,-0.21060316
2025-02-28 06:00:00,0.23315226
2025-02-28 07:00:00,0.5717864
2025-02-28 08:00:00,0.64193785
2025-02-28 09:00:00,0.4120285
2025-02-28 10:00:00,0.13507956
2025-02-28 11:00:00,-0.16752759
2025-02-28 12:00:00,-0.45774427
2025-02-28 13:00:00,-0.7311667
2025-02-28 14:00:00,-0.95163816
2025-02-28 15:00:00,-0.9050202
2025-02-28 16:00:00,-0.6014574
2025-02-28 17:00:00,-0.19808635
2025-02-28 18:00:00,0.28435656
2025-02-28 19:00:00,0.7130266
2025-02-28 20:00:00,0.88505685
2025-02-28 21:00:00,0.6928551
2025-02-28 22:00:00,0.41592288
2025-02-28 23:00:00,0.09048562
2025-03-01 00:00:00,-0.22594573
2025-03-01 01:00:00,-0.5238546
2025-03-01 02:00:00,-0.79257286
2025-03-01 03:00:00,-0.97458905
2025-03-01 04:00:00,-0.7499858
2025-03-01 05:00:00,-0.42778426
2025-03-01 06:00:00,0.018638652
2025-03-01 07:00:00,0.47074467
2025-03-01 08:00:00,0.7575434
2025-03-01 09:00:00,0.68562007
2025-03-01 10:00:00,0.42481565
2025-03-01 11:00:00,0.116913304
2025-03-01 12:00:00,-0.1928636
